PLAYER_NAME,TEAM_ABBREVIATION,games_played,mpg,ppg,true_shooting_pct,effective_fg_pct,ast_to_tov_ratio,three_point_rate,avg_plus_minus
Jarrett Allen,CLE,82,28.0,13.5,72.6,70.5,1.58,1.3,6.3
Adem Bona,PHI,58,15.6,5.8,71.6,69.7,0.45,0.0,-1.9
Daniel Gafford,DAL,57,21.5,12.3,71.5,70.4,1.17,0.0,0.6
Jaxson Hayes,LAL,56,19.5,6.8,71.0,72.5,1.25,2.5,1.6
Jalen Duren,DET,78,26.1,11.8,70.5,68.6,1.59,0.0,0.5
Dereck Lively II,DAL,36,23.1,8.7,70.4,69.8,2.18,0.0,3.4
Richaun Holmes,WAS,31,17.2,7.4,69.3,64.4,2.0,2.2,-1.2
Luke Kornet,BOS,73,18.6,6.0,68.6,68.4,4.0,0.0,5.5
Rudy Gobert,MIN,72,33.2,12.0,68.4,66.2,1.5,0.0,4.5
Robert Williams III,POR,20,17.6,5.8,67.5,65.4,1.22,5.1,-0.9
Mitchell Robinson,NYK,17,17.1,5.1,67.4,66.7,1.33,0.0,1.4
Neemias Queta,BOS,62,13.9,5.0,66.8,63.6,1.17,0.0,2.5
Walker Kessler,UTA,58,30.0,11.1,66.5,67.4,1.13,8.3,-5.7
Christian Braun,DEN,79,33.9,15.4,66.4,63.0,2.6,26.9,6.1
Nikola Jokić,DEN,70,36.7,29.6,66.3,62.6,3.09,24.1,8.5
Vít Krejčí,ATL,57,20.2,7.2,66.0,64.7,2.89,70.6,-1.2
Keon Ellis,SAC,80,24.4,8.3,66.0,62.9,1.67,69.0,0.8
Harrison Barnes,SAS,82,27.2,12.3,65.7,62.0,2.83,53.0,-0.3
Aaron Gordon,DEN,51,28.4,14.7,65.4,61.3,2.29,35.1,5.9
Domantas Sabonis,SAC,70,34.7,19.1,65.4,62.1,2.07,17.2,2.1
Mason Plumlee,PHX,74,17.6,4.5,65.3,63.0,2.25,3.7,0.7
Aaron Nesmith,IND,45,24.9,12.0,65.3,62.5,1.5,51.2,4.4
Jeff Green,HOU,32,12.4,5.4,65.0,61.8,2.0,65.8,-1.2
Moritz Wagner,ORL,30,18.8,12.9,65.0,62.0,0.87,30.1,-0.6
Mark Williams,CHA,44,26.6,15.3,64.7,59.8,1.56,1.0,-6.8
Dru Smith,MIA,14,19.2,6.2,64.6,62.5,1.33,47.7,2.7
Alex Reese,PHI,15,14.4,5.1,64.5,61.1,0.75,75.0,1.3
Kevin Durant,PHX,62,36.5,26.6,64.4,59.7,1.35,33.1,-0.6
Ty Jerome,CLE,70,19.9,12.5,64.3,61.4,2.62,40.9,4.3
Gary Payton II,GSW,62,15.0,6.5,64.2,63.5,2.17,31.3,0.7
Jakob Poeltl,TOR,57,29.6,14.5,64.2,62.7,1.47,1.0,-0.6
Zach LaVine,SAC,74,35.2,23.3,64.0,60.6,1.5,43.6,-0.9
Ivica Zubac,LAC,80,32.8,16.8,64.0,62.7,1.69,0.0,6.4
Onyeka Okongwu,ATL,74,27.9,13.4,64.0,59.8,1.92,21.7,0.5
Obi Toppin,IND,79,19.6,10.5,63.9,61.8,1.78,50.0,-1.0
Goga Bitadze,ORL,70,20.4,7.2,63.9,62.5,2.0,8.3,1.1
Brandon Clarke,MEM,64,18.9,8.3,63.7,62.7,1.67,5.1,2.8
Karlo Matković,NOP,42,18.8,7.7,63.7,61.6,1.1,28.6,-2.1
Oscar Tshiebwe,UTA,14,18.2,7.6,63.7,60.0,0.86,0.0,-0.8
Shai Gilgeous-Alexander,OKC,76,34.2,32.7,63.7,56.7,2.67,26.1,12.1
Luke Kennard,MEM,65,22.6,8.9,63.6,61.4,3.0,60.6,1.9
Nick Richards,PHX,57,22.0,9.3,63.4,59.0,0.64,0.0,-4.1
Payton Pritchard,BOS,80,28.4,14.3,63.4,62.0,3.5,72.2,5.4
Cameron Johnson,BKN,57,31.6,18.8,63.4,58.0,2.0,55.0,-3.5
Larry Nance Jr.,ATL,24,19.3,8.5,63.2,61.5,2.29,49.2,-4.0
Grayson Allen,PHX,64,24.1,10.6,63.2,59.9,1.75,72.4,-1.2
Brandon Williams,DAL,33,14.8,8.3,63.1,58.8,1.92,31.6,0.3
Evan Mobley,CLE,71,30.5,18.5,63.0,60.2,1.6,25.0,7.7
Bol Bol,PHX,36,12.5,6.8,62.9,61.8,1.0,51.0,-1.0
John Collins,UTA,40,30.5,19.0,62.9,58.3,0.77,27.8,-0.4
Karl-Anthony Towns,NYK,72,35.0,24.4,62.9,58.6,1.15,27.8,5.3
Sam Hauser,BOS,71,21.7,8.5,62.6,61.9,3.0,83.6,4.6
Giannis Antetokounmpo,MIL,67,34.2,30.4,62.4,60.4,2.1,4.6,5.0
Jimmy Butler III,GSW,55,31.7,17.5,62.4,53.2,4.15,17.4,4.5
Brook Lopez,MIL,80,31.8,13.0,62.2,59.3,1.64,48.5,1.7
De'Andre Hunter,CLE,64,27.2,17.0,62.2,57.6,1.08,51.3,1.4
Damian Lillard,MIL,58,36.1,24.9,62.0,55.0,2.54,52.6,0.9
DeAndre Jordan,DEN,56,12.3,3.7,62.0,64.0,1.29,0.0,-0.8
Guerschon Yabusele,PHI,70,27.1,11.0,61.9,59.4,1.75,48.8,-1.7
Moussa Diabaté,CHA,71,17.5,5.7,61.9,61.5,0.89,2.6,-1.7
Zach Edey,MEM,66,21.5,9.2,61.9,59.8,0.77,12.1,2.5
Michael Porter Jr.,DEN,77,33.7,18.2,61.9,59.9,1.5,47.1,3.4
AJ Green,MIL,73,22.7,7.4,61.9,61.2,3.0,86.2,3.1
Nicolas Batum,LAC,78,17.5,4.0,61.9,59.7,2.75,83.9,1.9
Isaiah Joe,OKC,74,21.7,10.2,61.8,60.8,3.2,79.7,7.4
Kristaps Porziņģis,BOS,42,28.8,19.5,61.8,57.3,1.62,43.8,4.1
Drew Eubanks,LAC,61,12.2,4.6,61.7,59.4,1.29,3.1,-2.1
Seth Curry,CHA,68,15.6,6.5,61.7,60.0,1.8,54.0,-2.5
KJ Martin,UTA,43,21.2,6.4,61.7,58.5,1.83,27.7,-3.3
Justin Champagnie,WAS,62,21.6,8.8,61.7,60.6,1.11,47.0,-4.6
Brice Sensabaugh,UTA,71,20.2,10.9,61.7,59.5,1.0,61.9,-4.0
Rui Hachimura,LAL,59,31.7,13.1,61.6,59.7,1.75,42.9,2.7
Stephen Curry,GSW,70,32.2,24.5,61.6,57.2,2.07,62.2,4.3
Austin Reaves,LAL,73,34.9,20.2,61.6,55.3,2.42,51.4,2.7
Norman Powell,LAC,60,32.6,21.8,61.5,57.6,1.17,44.9,5.9
Tyrese Haliburton,IND,73,33.6,18.6,61.5,58.0,5.75,55.8,3.0
Amir Coffey,LAC,72,24.3,9.7,61.5,56.3,1.83,47.9,-0.9
Taurean Prince,MIL,80,27.1,8.2,61.5,59.4,1.9,65.6,-0.3
Chris Boucher,TOR,50,17.2,10.0,61.4,58.1,1.17,52.7,0.1
Tre Jones,CHI,46,19.7,7.2,61.4,57.7,5.25,19.2,-0.7
Alec Burks,MIA,49,17.6,7.3,61.4,58.2,1.83,76.4,2.2
Nikola Vučević,CHI,73,31.2,18.5,61.3,59.2,2.19,31.0,-1.3
Myles Turner,IND,72,30.2,15.6,61.2,57.5,0.88,48.7,2.8
Zach Collins,CHI,64,15.3,6.4,61.2,56.4,1.89,36.2,-0.5
Derrick Jones Jr.,LAC,77,24.3,10.1,61.1,59.2,0.89,36.8,3.2
Georges Niang,ATL,79,21.5,9.9,61.1,59.6,1.4,66.7,2.5
Thomas Bryant,IND,66,14.6,6.5,60.9,58.2,1.6,44.9,-0.6
Isaiah Stewart,DET,72,19.9,6.0,60.9,56.8,1.89,15.9,0.1
Tristan Vukcevic,WAS,35,14.6,9.4,60.8,57.2,0.92,42.0,-3.6
Josh Hart,NYK,77,37.6,13.6,60.8,57.5,2.81,33.0,2.6
Oso Ighodaro,PHX,61,17.1,4.2,60.8,61.3,2.0,0.0,-0.3
Jonas Valanciunas,SAC,81,18.8,10.4,60.6,56.5,1.33,6.5,-3.8
Derrick White,BOS,76,33.9,16.4,60.6,58.3,2.82,72.2,7.1
Tyler Herro,MIA,77,35.4,23.9,60.5,56.7,2.12,48.6,1.3
LeBron James,LAL,70,34.9,24.4,60.5,57.2,2.22,31.5,-0.8
Jaylen Clark,MIN,40,13.0,4.1,60.4,56.7,3.5,43.3,1.1
Jalen Brunson,NYK,65,35.4,26.0,60.4,54.9,2.92,33.0,2.2
Deni Avdija,POR,72,30.0,16.9,60.4,55.1,1.44,41.0,-1.1
Kelly Olynyk,NOP,44,20.2,8.7,60.4,55.7,1.71,29.5,-1.3
Amen Thompson,HOU,69,32.3,14.1,60.3,57.4,1.9,12.9,3.9
Dorian Finney-Smith,LAL,63,28.9,8.7,60.3,59.4,1.56,72.5,4.9
Coby White,CHI,74,33.1,20.4,60.3,55.3,1.88,52.3,-1.9
Max Strus,CLE,50,25.5,9.4,60.2,59.3,2.91,78.7,4.4
Ryan Rollins,MIL,56,14.6,6.2,60.2,59.4,2.11,43.8,1.5
Zion Williamson,NOP,30,28.6,24.6,60.2,57.1,1.77,2.4,-1.4
Isaiah Hartenstein,OKC,57,27.9,11.2,60.1,58.3,2.24,3.6,7.3
Jabari Walker,POR,60,12.5,5.2,60.1,59.2,1.0,31.6,0.3
Ochai Agbaji,TOR,64,27.2,10.4,60.1,60.2,1.88,48.2,-3.3
Kel'el Ware,MIA,64,22.2,9.3,60.1,58.2,1.0,23.3,0.6
Jared Rhoden,TOR,14,16.2,8.4,60.1,55.6,1.83,45.2,4.6
Dalton Knecht,LAL,78,19.2,9.1,60.0,57.7,1.6,62.0,-0.9
Garrison Mathews,ATL,47,17.6,7.5,60.0,56.4,1.86,83.6,-1.3
Darius Garland,CLE,75,30.7,20.6,59.9,56.1,2.68,45.2,6.7
Trey Murphy III,NOP,53,35.0,21.2,59.9,55.1,1.84,52.5,-7.2
Quinten Post,GSW,42,16.3,8.1,59.9,57.7,1.63,66.2,1.0
Chet Holmgren,OKC,32,27.4,15.0,59.8,55.1,1.11,33.6,9.2
Aaron Holiday,HOU,62,12.8,5.5,59.7,58.1,2.17,67.4,1.4
Caleb Houstan,ORL,58,13.6,4.1,59.7,59.1,3.0,84.8,-1.1
Grant Williams,CHA,16,29.9,10.4,59.7,55.2,1.28,59.7,0.6
Landry Shamet,NYK,50,15.2,5.7,59.7,58.7,1.25,67.4,1.8
Bradley Beal,PHX,53,32.1,17.0,59.7,56.9,1.95,38.2,-5.2
Pascal Siakam,IND,78,32.7,20.2,59.7,57.2,2.43,27.6,4.0
Desmond Bane,ORL,69,32.0,19.2,59.7,56.1,2.21,41.2,2.1
Anthony Edwards,MIN,79,36.3,27.6,59.6,54.7,1.41,50.5,3.7
Kessler Edwards,DAL,40,15.2,4.2,59.5,58.8,2.75,41.2,-4.0
Quentin Grimes,PHI,75,26.8,14.6,59.5,56.4,1.58,50.9,-3.5
Victor Wembanyama,SAS,46,33.2,24.3,59.5,56.2,1.16,47.3,2.2
Jordan Poole,WAS,68,29.4,20.5,59.4,54.5,1.5,58.7,-8.2
Eric Gordon,PHI,39,19.7,6.8,59.4,55.8,2.43,67.3,-1.8
Kyle Filipowski,UTA,72,21.1,9.6,59.4,57.6,1.36,43.1,-5.1
Jaylin Williams,OKC,47,16.7,5.9,59.4,58.5,3.71,70.2,6.4
Kyrie Irving,DAL,50,36.1,24.7,59.4,54.8,2.09,38.1,2.5
Julius Randle,MIN,69,32.3,18.7,59.3,54.4,1.68,33.8,2.4
Aaron Wiggins,OKC,76,22.9,12.0,59.2,57.8,2.0,46.9,6.8
Nikola Jović,MIA,46,25.1,10.7,59.2,55.5,2.15,56.1,-0.4
Collin Sexton,UTA,63,27.9,18.4,59.1,54.0,1.68,31.2,-4.5
Duncan Robinson,MIA,74,24.1,11.0,59.1,57.8,2.0,72.2,0.9
Jaren Jackson Jr.,MEM,74,29.8,22.2,59.1,54.9,0.95,32.3,4.5
Matisse Thybulle,POR,15,20.8,7.5,59.1,59.3,2.11,54.2,0.1
OG Anunoby,NYK,74,36.6,18.0,59.0,55.8,1.57,44.6,4.1
Jake LaRavia,SAC,66,20.4,6.9,59.0,55.9,1.85,43.1,1.9
Marcus Sasser,DET,57,14.2,6.6,59.0,55.8,2.56,51.9,0.7
Jared McCain,PHI,23,25.7,15.3,59.0,55.5,1.63,48.7,-1.2
Kawhi Leonard,LAC,37,31.9,21.5,58.9,56.3,1.63,30.4,8.0
Trayce Jackson-Davis,GSW,62,15.6,6.6,58.9,57.1,2.43,0.0,-1.0
Devin Booker,PHX,75,37.3,25.6,58.9,52.4,2.45,38.6,-2.4
Malik Beasley,DET,82,27.8,16.3,58.9,57.6,1.7,71.0,2.1
Santi Aldama,MEM,65,25.5,12.5,58.9,57.0,2.64,50.0,2.3
Anthony Davis,DAL,51,33.4,24.7,58.9,53.7,1.59,13.5,0.5
Jamison Battle,TOR,59,17.7,7.1,58.9,57.6,1.8,74.6,-3.1
Gary Trent Jr.,MIL,74,25.6,11.1,58.9,56.2,2.0,66.3,0.9
Khris Middleton,WAS,37,22.8,11.9,58.8,54.4,2.73,39.6,1.1
Luka Dončić,LAL,50,35.4,28.2,58.8,53.4,2.14,46.8,6.9
Royce O'Neale,PHX,75,24.5,9.1,58.8,57.9,2.44,77.6,-2.1
Dante Exum,DAL,20,18.6,8.7,58.8,56.7,2.55,40.3,-2.4
Jarace Walker,IND,75,15.8,6.1,58.7,58.3,1.5,52.1,-1.9
Jeremy Sochan,SAS,54,25.3,11.4,58.7,55.7,1.5,19.5,-1.6
Ajay Mitchell,OKC,36,16.6,6.5,58.7,54.9,2.25,33.3,3.5
Kenrich Williams,OKC,69,16.4,6.3,58.7,58.8,2.33,49.0,4.8
Mikal Bridges,NYK,82,37.0,17.6,58.6,56.9,2.31,38.9,4.1
Tyus Jones,PHX,81,26.8,10.2,58.6,57.1,4.82,59.5,-1.1
Scotty Pippen Jr.,MEM,79,21.3,9.9,58.5,55.3,2.59,37.3,0.6
Corey Kispert,WAS,61,26.3,11.6,58.5,55.9,1.7,58.1,-4.5
Jamal Murray,DEN,67,36.1,21.4,58.4,54.2,2.86,35.3,4.9
Haywood Highsmith,MIA,74,24.6,6.5,58.4,56.6,2.14,58.5,0.8
Jalen Smith,CHI,64,15.0,8.2,58.4,55.5,1.67,54.7,-0.6
Donte DiVincenzo,MIN,62,25.9,11.7,58.3,56.3,2.25,74.0,2.8
Ayo Dosunmu,CHI,46,30.3,12.3,58.3,55.6,3.0,41.8,-5.1
Deandre Ayton,POR,40,30.1,14.4,58.3,57.3,0.94,6.8,-4.1
Luguentz Dort,OKC,71,29.2,10.1,58.3,57.1,2.29,69.0,7.7
Jayson Tatum,BOS,72,36.4,26.8,58.3,53.9,2.07,49.8,7.4
Naji Marshall,DAL,69,27.8,13.2,58.3,54.9,1.88,31.1,-2.0
Sam Merrill,CLE,71,19.7,7.2,58.3,55.8,3.0,86.7,4.5
Bennedict Mathurin,IND,72,29.9,16.1,58.2,51.7,1.0,33.9,1.3
Isaac Okoro,CLE,55,19.1,6.1,58.1,57.1,3.0,55.1,4.6
James Harden,LAC,79,35.3,22.8,58.1,50.0,2.02,51.8,4.4
Chris Paul,SAS,82,28.0,8.8,58.0,54.2,4.63,63.4,0.0
Joel Embiid,PHI,19,30.2,23.8,58.0,48.2,1.36,24.7,-3.0
Terance Mann,ATL,67,21.1,7.7,58.0,57.3,2.57,38.7,-1.4
Antonio Reeves,NOP,44,15.0,6.9,58.0,57.1,1.29,51.8,-3.4
Caris LeVert,ATL,64,24.9,12.1,57.9,55.9,2.83,46.8,4.0
Keion Brooks Jr.,NOP,14,23.7,10.1,57.9,55.1,1.0,39.7,-10.4
Nickeil Alexander-Walker,MIN,82,25.3,9.4,57.9,55.3,2.25,60.0,3.3
Dariq Whitehead,BKN,20,12.3,5.7,57.8,59.4,0.75,77.1,-3.2
Naz Reid,MIN,80,27.5,14.2,57.8,55.7,1.64,50.4,4.3
Collin Gillespie,PHX,33,14.0,5.9,57.8,56.3,4.8,56.3,-0.9
Quenton Jackson,IND,28,13.6,5.8,57.8,53.4,3.17,31.8,0.0
Moses Moody,GSW,74,22.3,9.8,57.7,53.9,1.86,59.7,1.8
Gui Santos,GSW,56,13.6,4.1,57.7,56.3,1.75,56.3,2.9
Julian Champagnie,SAS,82,23.6,9.9,57.7,55.6,1.56,72.8,-0.8
Donovan Mitchell,CLE,71,31.4,24.0,57.6,53.0,2.38,47.8,7.4
Cam Thomas,BKN,25,31.2,24.0,57.6,51.4,1.52,42.9,-3.7
Jalen Williams,OKC,69,32.4,21.6,57.5,53.8,2.32,29.0,6.6
Jeff Dowtin Jr.,PHI,41,15.1,7.0,57.5,54.5,4.75,30.4,-2.5
John Konchar,MEM,46,12.1,2.4,57.5,57.5,3.0,65.0,1.3
Yves Missi,NOP,73,26.8,9.1,57.4,55.2,1.27,0.0,-7.0
Davion Mitchell,MIA,74,27.4,7.9,57.4,55.5,2.88,45.3,0.0
Johnny Juzang,UTA,64,19.8,8.9,57.4,55.4,1.83,66.2,-5.6
Alex Caruso,OKC,54,19.3,7.1,57.3,54.3,3.57,53.4,5.9
Keldon Johnson,SAS,77,23.9,12.7,57.2,53.5,1.6,36.0,-2.8
Lauri Markkanen,UTA,47,31.4,19.0,57.2,52.0,1.07,57.0,-4.0
Mike Conley,MIN,71,24.7,8.2,57.2,53.0,4.09,66.7,3.7
Matas Buzelis,CHI,80,18.9,8.6,57.2,55.1,1.11,47.8,-0.4
Tim Hardaway Jr.,DET,77,28.0,11.0,57.1,53.4,2.67,67.0,0.3
Jrue Holiday,BOS,62,30.6,11.1,57.1,53.8,3.25,53.3,5.5
Toumani Camara,POR,78,32.7,11.3,57.0,54.9,1.57,50.0,-1.5
Josh Giddey,CHI,70,30.2,14.6,57.0,53.1,2.48,35.1,-1.0
Kentavious Caldwell-Pope,MEM,77,29.6,8.7,57.0,54.2,2.25,60.6,0.1
Ausar Thompson,DET,59,22.5,10.1,57.0,55.1,1.64,10.3,1.1
Pat Connaughton,MIL,41,14.7,5.3,57.0,53.5,2.83,46.5,-0.3
Donovan Clingan,POR,67,19.8,6.5,57.0,56.0,1.0,14.0,0.0
Tobias Harris,DET,73,31.6,13.7,57.0,53.6,1.83,32.7,2.6
Josh Okogie,CHA,40,15.6,7.1,57.0,52.8,1.0,43.4,-0.3
Max Christie,DAL,78,27.3,9.6,56.9,52.0,1.73,52.6,-1.1
Immanuel Quickley,TOR,33,27.8,17.1,56.9,51.9,3.22,51.1,-1.2
Julian Phillips,CHI,79,14.2,4.6,56.9,52.8,1.67,52.8,0.4
DeMar DeRozan,SAC,77,35.9,22.2,56.9,50.9,3.14,19.4,1.4
Nic Claxton,BKN,70,26.9,10.3,56.8,57.4,1.83,3.7,-7.1
Day'Ron Sharpe,BKN,50,18.1,7.9,56.8,54.0,1.38,14.3,1.3
Jalen Johnson,ATL,36,35.7,18.9,56.8,53.6,1.72,25.8,1.5
Jaden Ivey,DET,30,29.9,17.6,56.7,53.3,1.33,37.0,-2.1
Trae Young,ATL,76,36.0,24.2,56.7,48.9,2.47,46.4,0.4
Bismack Biyombo,SAS,28,18.8,5.1,56.7,58.5,1.1,0.0,-3.6
Cason Wallace,OKC,68,27.6,8.4,56.6,54.9,2.78,43.1,5.4
Andrew Wiggins,MIA,60,30.7,18.0,56.6,52.9,1.53,41.4,-1.7
Tari Eason,HOU,57,24.9,12.0,56.6,54.6,1.36,32.7,2.5
Al Horford,BOS,60,27.6,9.0,56.5,55.2,2.63,67.5,6.6
Talen Horton-Tucker,CHI,58,12.5,6.5,56.5,53.0,2.0,42.0,0.3
Torrey Craig,BOS,26,12.1,4.2,56.5,55.7,2.33,71.4,-1.9
Peyton Watson,DEN,68,24.3,8.1,56.4,53.2,1.75,31.7,-0.4
Cade Cunningham,DET,70,35.0,26.1,56.4,52.2,2.07,28.8,2.5
Clint Capela,ATL,55,21.4,8.9,56.4,56.3,1.22,0.0,-1.4
Micah Potter,UTA,38,18.6,4.3,56.3,52.8,1.0,72.2,-2.7
Ja Morant,MEM,50,30.4,23.2,56.3,50.6,1.97,32.0,4.5
Jabari Smith Jr.,HOU,57,30.1,12.2,56.1,53.0,1.0,49.5,4.4
Bogdan Bogdanović,LAC,54,25.0,10.8,56.1,53.3,1.93,59.3,2.0
Tyrese Maxey,PHI,52,37.7,26.3,56.0,51.2,2.54,43.8,-2.4
Dean Wade,CLE,59,21.2,5.4,56.0,56.5,3.25,82.6,4.8
Bam Adebayo,MIA,78,34.3,18.1,56.0,51.7,2.05,19.6,0.3
Daniel Theis,NOP,38,16.3,4.3,56.0,50.0,2.29,29.4,-1.6
Brandin Podziemski,GSW,64,26.8,11.7,55.9,54.1,2.83,49.0,4.1
Justin Edwards,PHI,44,26.2,10.1,55.9,54.7,1.45,50.0,-6.4
Zaccharie Risacher,ATL,75,24.6,12.6,55.9,53.8,1.0,44.2,-1.6
Jaden McDaniels,MIN,82,31.9,12.2,55.9,53.9,1.67,36.3,2.1
Brandon Ingram,TOR,18,33.1,22.2,55.9,53.0,1.37,34.6,-7.1
De'Aaron Fox,SAS,62,36.1,23.5,55.8,51.3,2.25,32.4,-1.1
Wendell Moore Jr.,CHA,36,13.9,4.2,55.8,51.4,1.5,31.4,-3.7
Buddy Hield,GSW,82,22.7,11.1,55.8,54.7,1.45,69.8,1.7
Mo Bamba,NOP,32,12.9,4.3,55.8,52.9,1.0,48.6,-2.3
Franz Wagner,ORL,60,33.7,24.2,55.8,50.8,2.04,30.4,4.1
Jeremiah Robinson-Earl,NOP,66,18.8,6.3,55.7,52.8,1.63,47.2,-5.0
Shake Milton,LAL,57,14.7,5.5,55.7,52.2,2.57,42.2,-2.1
Jaylen Brown,BOS,63,34.3,22.2,55.7,51.4,1.73,32.2,6.4
Anfernee Simons,POR,70,32.7,19.3,55.7,51.9,2.4,52.8,-3.1
Jusuf Nurkić,CHA,51,20.8,8.9,55.6,52.2,1.21,30.4,-3.6
Jaylen Wells,MEM,79,25.9,10.4,55.6,51.7,1.89,58.1,2.4
Ronald Holland II,DET,81,15.6,6.4,55.6,51.0,1.11,37.3,-0.7
P.J. Washington,DAL,57,32.2,14.7,55.5,52.1,1.1,35.9,0.9
Ben Sheppard,IND,63,19.5,5.3,55.5,53.3,4.33,69.6,-0.9
Dillon Brooks,HOU,75,31.8,14.0,55.5,53.4,1.7,52.9,2.8
Keegan Murray,SAC,76,34.3,12.4,55.4,53.7,1.75,54.6,0.6
Julian Strawther,DEN,65,21.3,9.0,55.4,52.0,1.44,54.7,-1.1
Josh Green,CHA,68,27.8,7.4,55.4,53.2,1.6,58.1,-5.4
Klay Thompson,DAL,72,27.3,14.0,55.4,53.3,1.67,63.1,-1.1
Monte Morris,PHX,45,12.7,5.2,55.4,50.0,3.2,44.2,1.0
David Roddy,HOU,33,12.4,4.6,55.4,52.6,1.57,47.4,-2.3
Andre Jackson Jr.,MIL,67,14.6,3.4,55.3,55.2,1.33,37.9,-0.5
Devin Vassell,SAS,64,31.0,16.3,55.3,53.6,2.07,48.2,-4.1
Spencer Dinwiddie,DAL,79,27.0,11.0,55.2,50.0,3.38,47.7,-2.8
Cam Whitmore,HOU,51,16.2,9.4,55.2,52.5,1.11,45.6,0.0
Trendon Watford,BKN,44,20.7,10.2,55.2,50.6,1.37,25.0,-1.5
Malik Monk,SAC,65,31.6,17.2,55.2,51.0,2.33,45.8,1.8
Paolo Banchero,ORL,46,34.4,25.9,55.1,50.3,1.6,29.8,-0.5
Lonnie Walker IV,PHI,20,23.8,12.4,55.1,53.3,1.92,60.4,-7.1
Shaedon Sharpe,POR,72,31.3,18.5,55.1,51.6,1.33,43.1,-1.9
Pelle Larsson,MIA,55,14.2,4.6,55.0,51.4,3.0,45.9,0.2
Dalen Terry,CHI,73,13.5,4.5,54.9,50.0,1.86,37.8,-2.4
Kelly Oubre Jr.,PHI,60,34.6,15.1,54.9,51.6,1.38,32.3,-4.3
CJ McCollum,NOP,56,32.7,21.1,54.8,52.8,2.16,45.8,-5.0
Trey Lyles,SAC,69,19.6,6.5,54.8,53.7,2.0,63.0,-1.0
RJ Barrett,TOR,58,32.2,21.1,54.7,52.1,1.86,31.4,-2.4
Dyson Daniels,ATL,76,33.8,14.1,54.7,54.1,2.2,25.6,-0.9
Alperen Sengun,HOU,76,31.5,19.1,54.7,51.0,1.88,8.0,5.4
T.J. McConnell,IND,79,17.9,9.1,54.6,53.2,3.14,7.6,-0.7
Jaden Hardy,DAL,57,15.9,8.7,54.6,52.7,1.0,47.9,-1.1
A.J. Lawson,TOR,26,18.7,9.1,54.5,51.4,2.0,53.4,-0.7
Ziaire Williams,BKN,63,24.5,10.0,54.5,50.6,1.18,57.8,-5.2
Wendell Carter Jr.,ORL,68,25.9,9.1,54.5,49.3,1.82,31.9,-0.2
Bobby Portis Jr.,MIL,49,25.4,13.9,54.5,52.5,1.75,29.8,1.9
Jared Butler,PHI,60,17.4,9.0,54.5,51.3,2.85,36.8,-2.2
Malcolm Brogdon,WAS,24,23.5,12.7,54.4,46.5,2.56,23.0,-5.0
Jalen Green,HOU,82,32.9,21.0,54.4,50.6,1.36,46.3,2.0
Jalen Wilson,BKN,79,25.7,9.5,54.4,49.4,1.8,59.0,-3.3
Javonte Green,CLE,68,18.5,5.1,54.4,51.2,1.6,50.0,-3.1
Kevin Huerter,CHI,69,24.3,9.9,54.3,52.8,2.3,64.8,1.5
Herbert Jones,NOP,20,32.4,10.3,54.3,50.6,1.83,41.9,-1.0
Andrew Nembhard,IND,65,28.9,10.0,54.2,50.6,2.94,32.5,3.1
Gradey Dick,TOR,54,29.4,14.4,54.2,49.6,1.2,50.0,-3.9
Paul George,PHI,41,32.5,16.2,54.2,51.4,1.65,46.8,-2.0
Jordan Goodwin,LAL,29,18.7,5.6,54.1,53.0,1.56,46.0,-0.4
Miles Bridges,CHA,64,31.7,20.3,54.1,49.4,1.86,41.2,-4.0
Steven Adams,HOU,58,13.7,3.9,54.1,55.2,1.22,0.0,3.0
Jalen Pickett,DEN,49,13.6,4.1,54.1,54.1,4.4,56.8,1.1
Colby Jones,WAS,39,13.2,4.0,54.1,51.5,1.83,39.4,-2.9
Jaime Jaquez Jr.,MIA,66,20.7,8.6,54.0,50.0,1.67,25.7,-2.3
Scoot Henderson,POR,66,26.7,12.7,54.0,49.0,1.89,43.3,-0.6
Jordan Clarkson,UTA,37,26.0,16.2,53.9,49.2,1.61,47.4,-5.5
Jamal Cain,NOP,37,13.6,5.3,53.9,50.0,1.0,51.2,-3.6
Brandon Miller,CHA,27,34.2,21.0,53.9,50.8,1.29,59.9,-4.6
Keyonte George,UTA,67,31.5,16.8,53.9,48.9,2.07,55.5,-7.6
Gabe Vincent,LAL,72,21.2,6.4,53.9,52.6,2.33,74.1,0.7
Simone Fontecchio,DET,75,16.5,5.9,53.8,50.0,1.29,60.0,0.2
Jalen Suggs,ORL,35,28.6,16.2,53.8,48.9,1.28,50.4,0.1
Tre Mann,CHA,13,24.5,14.1,53.8,50.8,1.58,37.1,-4.2
Kyle Anderson,MIA,61,16.4,5.9,53.8,50.0,4.0,22.0,-0.4
LaMelo Ball,CHA,47,32.0,25.2,53.7,49.3,2.06,52.6,-2.8
Brandon Boston Jr.,NOP,42,23.6,10.7,53.6,50.5,1.83,36.3,-3.3
Ben Simmons,LAC,51,22.0,5.0,53.6,52.3,2.8,0.0,-1.1
Jonathan Kuminga,GSW,47,24.3,15.3,53.5,49.6,1.47,26.4,0.2
Dennis Schröder,DET,75,28.1,13.1,53.4,48.6,2.84,44.5,-1.0
Cory Joseph,ORL,50,12.2,3.5,53.4,51.6,3.5,67.7,0.7
Russell Westbrook,DEN,75,27.9,13.3,53.4,50.9,1.91,35.1,-0.3
Jarred Vanderbilt,LAL,36,16.1,4.1,53.4,51.5,1.38,26.5,1.0
Draymond Green,GSW,68,29.2,9.0,53.1,50.7,2.15,48.0,4.0
Cole Anthony,MEM,67,18.4,9.4,53.1,48.8,1.93,40.7,-0.2
Kris Dunn,LAC,74,24.1,6.4,53.1,52.5,2.8,50.8,3.5
Miles McBride,NYK,64,24.9,9.5,53.1,51.8,4.83,57.6,3.3
Precious Achiuwa,NYK,57,20.5,6.6,53.0,52.6,1.25,10.5,-0.8
Kevin Porter Jr.,MIL,75,19.8,10.3,53.0,48.9,1.89,27.6,0.4
Svi Mykhailiuk,UTA,38,20.0,8.8,53.0,50.6,1.43,67.1,-2.8
Kyle Lowry,PHI,35,18.8,3.9,52.8,48.5,4.5,75.8,-2.0
Andre Drummond,PHI,40,18.8,7.3,52.8,50.0,0.64,8.5,-6.1
Marcus Smart,WAS,34,20.0,9.0,52.8,48.7,2.0,53.9,1.2
Tyrese Martin,BKN,60,21.9,8.7,52.8,51.9,1.67,60.3,-4.3
Colin Castleton,TOR,26,16.6,4.7,52.7,48.7,1.22,15.8,-1.2
Kevon Looney,GSW,76,15.0,4.5,52.7,51.4,3.2,2.7,1.5
Cameron Payne,NYK,72,15.1,6.9,52.7,50.8,4.0,58.1,2.8
Tosan Evbuomwan,BKN,28,23.7,9.5,52.5,48.7,1.43,35.4,-2.4
Scottie Barnes,TOR,65,32.8,19.3,52.4,48.2,2.07,26.2,-2.0
Lonzo Ball,CHI,35,22.2,7.6,52.4,50.0,2.75,81.2,2.9
Jerami Grant,POR,47,32.4,14.4,52.4,47.1,1.5,51.6,-4.3
Stephon Castle,SAS,81,26.7,14.7,52.3,47.5,1.86,33.6,-3.0
Tristan da Silva,ORL,74,22.0,7.2,52.2,50.0,1.88,49.2,-1.7
Anthony Black,ORL,78,24.2,9.4,52.2,48.1,1.72,31.6,-0.5
Jose Alvarado,NOP,56,24.4,10.3,52.2,49.5,3.07,59.1,-4.1
Orlando Robinson,TOR,44,17.5,6.9,52.2,47.5,1.64,20.3,-2.0
Ryan Dunn,PHX,74,19.1,6.9,52.1,52.3,1.6,56.3,-2.3
D'Angelo Russell,BKN,58,25.5,12.6,52.1,47.7,2.68,56.4,0.0
Mouhamed Gueye,ATL,33,16.1,6.0,52.0,48.1,1.6,48.1,2.6
DaQuan Jeffries,CHA,47,22.8,6.7,51.8,50.0,1.57,56.5,-5.9
Ja'Kobe Walter,TOR,52,21.2,8.6,51.8,49.3,1.6,47.4,-1.6
JT Thor,WAS,20,12.5,3.6,51.7,48.3,0.6,36.7,-4.8
Kyle Kuzma,MIL,65,29.8,14.8,51.5,49.6,1.05,36.9,-6.4
Noah Clowney,BKN,46,22.7,9.1,51.4,47.5,0.9,70.4,-5.7
Fred VanVleet,HOU,60,35.2,14.1,51.4,48.4,3.73,60.6,4.4
Bilal Coulibaly,WAS,59,33.0,12.3,51.4,47.6,1.62,35.8,-9.9
Bub Carrington,WAS,82,30.0,9.8,51.4,50.0,2.59,54.9,-9.7
Cody Martin,PHX,53,22.1,6.8,51.3,49.2,2.0,45.9,-2.0
Patrick Williams,CHI,63,25.0,9.0,51.3,49.4,1.43,52.4,-2.9
Jonathan Isaac,ORL,71,15.4,5.4,51.3,46.7,1.2,45.7,-0.5
Gary Harris,ORL,48,14.8,3.0,51.2,53.6,1.5,75.0,1.8
Lester Quiñones,NOP,13,14.1,6.6,51.2,48.3,1.64,56.7,-2.0
Caleb Martin,DAL,45,27.1,7.9,50.8,48.5,1.75,33.8,-3.4
Cam Reddish,LAL,33,17.9,3.2,50.8,50.0,1.75,50.0,-2.8
Bruce Brown,NOP,41,22.5,8.3,50.6,47.3,2.0,26.7,-5.5
Kyshawn George,WAS,68,26.5,8.7,50.5,48.1,1.79,65.0,-5.3
Ricky Council IV,PHI,73,17.1,7.3,50.5,44.4,1.86,46.0,-2.2
Jordan Hawkins,NOP,56,23.6,10.8,50.5,47.5,1.2,59.6,-5.7
Jaylen Martin,WAS,16,14.9,4.9,50.4,45.7,1.38,30.4,-8.2
Keaton Wallace,ATL,31,16.2,5.4,50.2,49.0,2.36,50.0,-0.6
Nick Smith Jr.,CHA,60,22.8,9.9,50.2,47.9,1.71,53.7,-6.6
Lindy Waters III,DET,52,15.0,4.9,50.1,50.0,2.5,75.0,0.3
Vince Williams Jr.,MEM,27,18.5,6.6,50.0,48.4,1.67,56.5,0.2
Jamal Shead,TOR,75,19.6,7.1,50.0,47.8,2.63,44.8,-3.1
Jalen Hood-Schifino,PHI,15,21.0,7.1,49.9,45.4,2.08,47.7,-6.4
Terry Rozier,MIA,64,25.9,10.6,49.8,46.5,2.17,48.5,-2.2
Isaiah Collier,UTA,71,25.9,8.7,49.6,46.2,2.17,30.8,-5.7
Reggie Jackson,PHI,31,12.4,4.4,49.6,48.8,3.0,55.8,-0.6
Isaiah Wong,CHA,20,13.3,6.0,49.6,46.2,1.56,32.1,-0.3
Keon Johnson,BKN,79,24.4,10.6,49.6,46.5,1.47,51.5,-5.4
Dejounte Murray,NOP,31,32.6,17.5,49.5,45.0,2.18,35.2,-6.7
Jonathan Mogbo,TOR,63,20.4,6.2,49.4,46.5,2.09,19.3,-3.8
Dalano Banton,POR,67,16.7,8.3,49.2,46.7,1.85,43.4,-0.8
Maxi Kleber,LAL,34,18.7,3.0,49.0,46.4,1.86,50.0,-0.5
Baylor Scheierman,BOS,31,12.4,3.6,49.0,48.6,2.75,74.3,0.9
Trevelin Queen,ORL,31,13.9,4.9,48.9,45.7,1.71,53.2,-2.8
AJ Johnson,WAS,29,22.0,7.6,48.3,43.8,2.17,42.5,-5.2
Kobe Bufkin,ATL,10,12.4,5.3,48.3,42.6,2.13,40.4,-2.3
Kris Murray,POR,69,15.1,4.2,48.3,47.5,1.67,42.5,-0.7
Alex Sarr,WAS,67,27.1,13.0,48.1,46.0,1.41,41.1,-8.1
GG Jackson,MEM,29,15.8,7.2,47.9,45.7,0.91,47.8,-2.3
Cole Swider,IND,10,17.0,5.9,46.5,46.8,0.75,74.6,5.4
Reed Sheppard,HOU,52,12.6,4.4,46.5,44.6,2.0,58.7,-1.0
Vasilije Micic,PHX,41,19.1,6.6,46.2,42.5,1.63,44.8,-3.0
Marcus Bagley,PHI,10,25.3,6.7,45.6,42.8,1.43,46.4,-8.4
Tidjane Salaün,CHA,60,20.7,5.9,45.4,41.4,1.2,58.6,-5.4
Dario Saric,DEN,16,13.1,3.5,45.3,41.7,1.56,44.4,-3.1
Delon Wright,NYK,40,15.9,3.1,43.5,40.9,3.17,54.5,0.0
KJ Simpson,CHA,36,23.4,7.8,43.3,39.9,1.94,42.9,-7.7
Elijah Harkless,UTA,10,13.8,3.2,42.5,41.4,2.67,71.4,3.1
Cody Williams,UTA,50,21.2,4.6,42.2,40.2,1.33,52.9,-6.8
Damion Baugh,CHA,15,24.7,7.3,39.9,36.8,1.76,42.5,-11.3
Reece Beekman,BKN,36,13.0,2.6,39.8,36.7,3.0,36.7,-3.3
Elfrid Payton,NOP,24,21.3,3.5,33.4,33.3,2.76,5.9,-6.2
